month,Aid_Type,total_amount,average_aid_per_patient
2024-09,General Funds,11417.0,1902.8333333333333
2024-09,Zakat Funds,277397.0,9565.413793103447
2024-10,General Funds,81580.0,2204.864864864865
2024-10,Zakat Funds,94939.0,1825.75
