Procedure_Type,average_procedure_cost
Unknown,304.0
Medicine,771.6666666666666
Lab test,2463.3164556962024
Radiology,9291.666666666666
Surgery,75518.0
Hospital Care,227809.2
